date,symbol,pre_close,open,high,low,close,volume,turnover_lacs,no_of_trades,deliv_volume,deliv_%
2/4/2022,COALINDIA,161.3,161.3,162.8,160,160.4,6402287,10347.03,60377,2652200,41.43
2/7/2022,COALINDIA,160.4,160.65,163,159.65,160.95,5871041,9483.54,43333,1843734,31.39
2/8/2022,COALINDIA,160.95,161.85,162.5,158.35,159.95,14158927,22640.77,58727,5984886,42.27
2/9/2022,COALINDIA,159.95,160.5,169.35,160,168.6,35079516,58631.03,177536,13292058,37.88
2/11/2022,COALINDIA,168.05,167.95,169.3,165.2,166.5,10097767,16864.48,68547,3750885,37.15
2/10/2022,COALINDIA,168.6,169,170.3,165,168.05,17724098,29750.84,104692,5393651,30.43
2/3/2022,COALINDIA,163.85,163.1,164.15,160.6,161.3,4654885,7547.28,35032,1958876,42.08
1/1/2020,COALINDIA,211.35,211.35,212.6,208.4,211.95,6447592,13585.57,48911,1294489,20.08
1/2/2020,COALINDIA,211.95,212.5,212.8,208.3,211.1,5958343,12552.16,45875,1763059,29.59
1/3/2020,COALINDIA,211.1,210,212.6,207.7,211.85,6452638,13580.96,43299,2147545,33.28
1/6/2020,COALINDIA,211.85,209.95,209.95,203.45,205.7,6853058,14080.31,54913,2105530,30.72
1/7/2020,COALINDIA,205.7,206.5,208.2,204.35,205.7,5243225,10827.65,44407,2106932,40.18
1/8/2020,COALINDIA,205.7,203,204.55,198.2,200.2,7295998,14709.23,45845,2689056,36.86
1/9/2020,COALINDIA,200.2,203.25,203.7,197.35,198,10321169,20521.03,60490,5171986,50.11
1/10/2020,COALINDIA,198,199.15,206.55,198.95,205.3,13533598,27664.54,79389,3173348,23.45
1/13/2020,COALINDIA,205.3,205.3,212,205,211.55,9863555,20731.04,55913,2354932,23.88
1/14/2020,COALINDIA,211.55,211.15,213.5,209.75,212.95,5417581,11468.23,31792,2263579,41.78
1/15/2020,COALINDIA,212.95,212.6,214.6,211.3,212.45,4863227,10361.04,31945,2327746,47.86
1/16/2020,COALINDIA,212.45,212.45,212.7,207.1,210.25,6937929,14589.85,48580,3256575,46.94
1/17/2020,COALINDIA,210.25,210,210.55,206.1,207.9,5985342,12454.95,41319,2780997,46.46
1/20/2020,COALINDIA,207.9,208,209.8,200.5,201.15,8110607,16648.09,45643,3609084,44.5
1/21/2020,COALINDIA,201.15,201.15,205.25,201.15,202.15,6347967,12927.69,43002,2130418,33.56
1/22/2020,COALINDIA,202.15,199.1,199.4,190.95,191.9,19096395,37043.88,105972,6580122,34.46
1/23/2020,COALINDIA,191.9,192.05,195.2,189.85,190.75,16369722,31441.31,71162,7414229,45.29
1/24/2020,COALINDIA,190.75,193,196.3,192.15,193.95,10626281,20634.66,63929,3410074,32.09
1/27/2020,COALINDIA,193.95,193.95,195,192,193.35,7195361,13933.78,33802,2333097,32.43
1/28/2020,COALINDIA,193.35,193.9,194.25,188.4,189.15,10274562,19528.9,55958,4139911,40.29
1/29/2020,COALINDIA,189.15,191,193,188,191.05,10602818,20307.53,60651,4098350,38.65
1/30/2020,COALINDIA,191.05,191.4,192.35,187.5,187.95,10859103,20611.23,55217,4171042,38.41
1/31/2020,COALINDIA,187.95,188.8,189.45,180,181.7,35281395,64706.59,146426,16786708,47.58
2/3/2020,COALINDIA,173.5,174.9,179.45,172.15,178.65,15284598,27094.46,92895,4862901,31.82
2/4/2020,COALINDIA,178.65,180.75,183,179.75,182.5,10043759,18241.01,61745,3871446,38.55
2/5/2020,COALINDIA,182.5,184,184,178.5,179.25,9468632,17110.12,55574,3206565,33.87
2/6/2020,COALINDIA,179.25,180.2,181.6,178.25,179.95,6917941,12435.53,54462,3277282,47.37
2/7/2020,COALINDIA,179.95,180.3,186.05,178.1,185.05,13470302,24461.96,71587,5587617,41.48
2/10/2020,COALINDIA,185.05,184.9,185,177.65,178.85,19665611,35369.56,96003,11152489,56.71
2/11/2020,COALINDIA,178.85,180,181.5,176.25,179.35,16397703,29300.1,82010,7271302,44.34
2/12/2020,COALINDIA,179.35,181,183.4,178.2,180.3,14669421,26456.07,83056,5596157,38.15
2/13/2020,COALINDIA,180.3,180.3,180.95,175.85,177.8,11781999,20927.99,65495,4769531,40.48
2/14/2020,COALINDIA,177.8,178,178.9,174.2,174.75,15392705,27055.46,93623,7014339,45.57
2/17/2020,COALINDIA,174.75,174.75,175.2,166.8,167.85,15997350,27057.25,97423,5844355,36.53
2/18/2020,COALINDIA,167.85,168.1,173.95,165,171.85,27643844,46594.67,91485,14752106,53.36
2/19/2020,COALINDIA,171.85,176.35,178.55,174.25,177.75,21092109,37250.1,113986,6129694,29.06
2/20/2020,COALINDIA,177.75,177.75,180.25,175.2,179.35,16776977,29798.95,88047,8983105,53.54
2/24/2020,COALINDIA,179.35,178.75,178.9,173.3,174.85,9952676,17455.45,60533,3972252,39.91
2/25/2020,COALINDIA,174.85,176.1,178.7,174.2,175.1,13534936,23923.22,59232,5523298,40.81
2/26/2020,COALINDIA,175.1,174.2,177.75,172.65,173.8,10925243,19150.11,77432,4142657,37.92
2/27/2020,COALINDIA,173.8,173.75,174.55,169.6,174.1,11500515,19813.53,60532,4533167,39.42
2/28/2020,COALINDIA,174.1,171.55,171.8,166.75,168.4,14694382,24859.12,105493,6484291,44.13
3/2/2020,COALINDIA,168.4,172.65,175,168.3,169.35,11962711,20642.01,63565,4782713,39.98
3/3/2020,COALINDIA,169.35,171.35,179.65,170.9,178.2,17015816,29748.05,73868,8702955,51.15
3/4/2020,COALINDIA,178.2,178.25,179.8,174.1,178.1,9858330,17485.7,78436,2622862,26.61
3/5/2020,COALINDIA,178.1,180,180.2,172.2,177.15,12349902,21732.63,61821,2902240,23.5
3/6/2020,COALINDIA,177.15,166.7,173,166.5,168.75,10629291,18076.43,71770,4162213,39.16
3/9/2020,COALINDIA,168.75,165.8,166.7,156.95,157.95,23967961,38796.75,101385,13590537,56.7
3/11/2020,COALINDIA,157.95,158.1,169.9,157.05,168,28399809,46612.36,148710,9434271,33.22
3/12/2020,COALINDIA,168,161,163,150.1,154.55,33250978,51655.47,206701,15512094,46.65
3/13/2020,COALINDIA,154.55,146.25,161.55,123.65,154.1,43328031,66152.89,175752,19682164,45.43
3/16/2020,COALINDIA,154.1,150.95,151.35,143.1,143.9,23548327,34658.31,92209,10320947,43.83
3/17/2020,COALINDIA,143.9,145.2,155.4,142.3,145.9,18990185,28503.83,108984,6909482,36.38
3/18/2020,COALINDIA,145.9,151.6,151.85,143,145.05,18744151,27413.04,99549,8195345,43.72
3/19/2020,COALINDIA,145.05,128,133.5,122,123.55,28555217,36742.47,184801,11761737,41.19
3/20/2020,COALINDIA,123.55,124.5,135.8,122.65,132.8,24023065,31102.64,104020,9537271,39.7
3/23/2020,COALINDIA,132.8,122.5,134.85,120.05,127.85,17885210,23083.99,94097,10549335,58.98
3/24/2020,COALINDIA,127.85,129.25,135,125.45,127.85,9991429,13015.74,62450,3193288,31.96
3/25/2020,COALINDIA,127.85,126,129.25,123.7,124.5,8344561,10459.75,59668,3647405,43.71
3/26/2020,COALINDIA,124.5,126,127,119.2,123.25,28364155,34914.55,153911,18236068,64.29
3/27/2020,COALINDIA,123.25,125.9,132.95,125,131.7,18334750,23694.61,116521,7032558,38.36
3/30/2020,COALINDIA,131.7,127.55,134.75,127.2,133.15,12357416,16312.53,91151,4423231,35.79
3/31/2020,COALINDIA,133.15,135.1,142.35,134.25,140.05,14997627,20857.69,89569,5404833,36.04
4/1/2020,COALINDIA,140.05,138.75,141.25,137.05,139.45,8833033,12317.51,62281,3778342,42.78
4/3/2020,COALINDIA,139.45,138.6,139.9,131.8,137.75,10937172,14891.28,105935,3450581,31.55
4/7/2020,COALINDIA,137.75,140.3,142.4,137.15,140.15,8205546,11510.84,54857,3024110,36.85
4/8/2020,COALINDIA,140.15,140,143.4,137,137.35,7070296,9890.09,55896,2149083,30.4
4/9/2020,COALINDIA,137.35,139.2,141.45,138,140.8,5078557,7119.57,36981,1298635,25.57
4/15/2020,COALINDIA,145.9,147.4,151.6,146,146.85,10487978,15617.75,85581,3419783,32.61
4/16/2020,COALINDIA,146.85,144.6,150.5,144.4,147.4,9736874,14459.38,65846,3875381,39.8
4/17/2020,COALINDIA,147.4,151.5,152.45,148.3,148.75,7094930,10627.43,49937,2138681,30.14
4/20/2020,COALINDIA,148.75,149.9,149.9,143,144.2,7139690,10422.84,61760,2011348,28.17
4/21/2020,COALINDIA,144.2,141,141.6,137.8,139,6501383,9059.78,50407,2743784,42.2
4/22/2020,COALINDIA,139,138.2,141.3,135,140.7,5604353,7754.13,54723,1495981,26.69
4/23/2020,COALINDIA,140.7,140.8,144.75,140.1,140.9,7553387,10750.62,57402,3277991,43.4
4/24/2020,COALINDIA,140.9,140.6,143.8,135.8,137,11701225,16394.72,74521,5377305,45.96
4/27/2020,COALINDIA,137,139,139.7,137.5,138.1,4238903,5866.29,33953,1522577,35.92
4/28/2020,COALINDIA,138.1,138.6,139.55,134.45,135.4,7064485,9644.21,58250,3794832,53.72
4/29/2020,COALINDIA,135.4,135.5,140.85,135.35,139.85,7399371,10276.91,57807,2503769,33.84
4/30/2020,COALINDIA,139.85,141.5,149.45,141.35,148.5,13146077,19184.94,103971,6570356,49.98
5/4/2020,COALINDIA,148.5,144.7,144.7,140.35,142.3,8356131,11918.45,58591,3884787,46.49
5/5/2020,COALINDIA,142.3,143.9,147.25,137.35,138,11879416,16884.3,73467,4531433,38.15
5/6/2020,COALINDIA,138,139.35,139.35,133.15,133.75,10427899,14061.27,77869,3236233,31.03
5/7/2020,COALINDIA,133.75,130,133,130,130.8,10860354,14287.7,75808,4052134,37.31
5/8/2020,COALINDIA,130.8,132.85,133.2,128.55,129,7097561,9249.75,56783,2846229,40.1
5/11/2020,COALINDIA,129,130.15,131.05,128.05,128.45,6657861,8609.15,59311,2504185,37.61
5/12/2020,COALINDIA,128.45,128.2,129.05,125.3,126.85,8128532,10303.95,67381,3907157,48.07
5/13/2020,COALINDIA,126.85,132.5,132.5,128.5,130.6,11135899,14553.73,87482,5376356,48.28
5/14/2020,COALINDIA,130.6,129.85,131.45,128.05,128.65,5663229,7320.66,48845,1979804,34.96
5/15/2020,COALINDIA,128.65,129.7,130.85,127.75,129.6,6296866,8158.55,48958,1808288,28.72
5/18/2020,COALINDIA,129.6,127,127,121.05,121.7,24334222,29986.44,167369,7997000,32.86
5/19/2020,COALINDIA,121.7,123.1,124.15,121.8,123.6,9537937,11753.01,70856,3779678,39.63
5/20/2020,COALINDIA,123.6,123,125.15,121.85,123.25,8087994,9989.2,83321,3704760,45.81
5/21/2020,COALINDIA,123.25,123.9,126.25,122.8,124.5,6187533,7714.46,42468,1940389,31.36
5/22/2020,COALINDIA,124.5,124,126.05,121.9,125.2,7129073,8859.34,50794,2289302,32.11
5/26/2020,COALINDIA,125.2,125.85,128,125,127.25,6183000,7832.32,43527,2509769,40.59
5/27/2020,COALINDIA,127.25,127.25,131.35,126,130.8,6084266,7847.4,53996,2012812,33.08
5/28/2020,COALINDIA,130.8,130.85,134.3,129.3,133.9,7883181,10490.26,52289,3126845,39.66
5/29/2020,COALINDIA,133.9,133.5,142.45,132.25,141.3,16208002,22470.44,93501,6655822,41.07
6/1/2020,COALINDIA,141.3,142.1,149.75,141.55,148.55,21205031,30929.46,99115,9675369,45.63
6/2/2020,COALINDIA,148.55,149.15,149.15,143,143.4,16680118,24043.8,125175,4900534,29.38
6/3/2020,COALINDIA,143.4,145,145.1,141.1,141.7,11561360,16508.89,81683,4514936,39.05
6/4/2020,COALINDIA,141.7,141,142.6,139.35,140.25,6295322,8848.69,47936,1678756,26.67
6/5/2020,COALINDIA,140.25,141,145.75,140.5,144.85,11872638,17061.29,76530,4836338,40.74
6/8/2020,COALINDIA,144.85,148,148.95,144.75,146.7,11258936,16553.55,74920,3785371,33.62
6/9/2020,COALINDIA,146.7,147.95,147.95,143.65,144.3,6957097,10091.71,50309,1863336,26.78
6/10/2020,COALINDIA,144.3,144,144.75,140.2,140.7,8915113,12651.75,58961,3517808,39.46
6/11/2020,COALINDIA,140.7,140.85,142.9,137.5,137.7,9259409,12983.85,66927,2652215,28.64
6/12/2020,COALINDIA,137.7,133.1,135.55,132.7,134.65,8425506,11315.06,71487,2962171,35.16
6/15/2020,COALINDIA,134.65,134.7,135,130.5,132.1,8217883,10880.94,54843,2785520,33.9
6/16/2020,COALINDIA,132.1,134.5,135,129.55,131.15,7130557,9402.62,46869,2729722,38.28
6/17/2020,COALINDIA,131.15,131.15,133.9,129.1,129.45,9072521,11897.71,57866,3698291,40.76
6/18/2020,COALINDIA,129.45,129,139.7,128.15,137.6,34587382,47032.31,173947,5392585,15.59
6/19/2020,COALINDIA,137.6,140,140,135.2,137.25,17468342,23917.91,88714,5328926,30.51
6/22/2020,COALINDIA,137.25,137.25,143.95,137.1,143.65,19716497,27947.96,95804,7891260,40.02
6/23/2020,COALINDIA,143.65,144.95,146.75,143.2,143.85,10955603,15871.5,63587,2976863,27.17
6/24/2020,COALINDIA,143.85,145.7,146.45,140.75,141.55,10639900,15195.18,62216,2991754,28.12
6/25/2020,COALINDIA,141.55,140.35,143.65,138.35,140.4,33546613,47153.63,107189,15656332,46.67
6/26/2020,COALINDIA,140.4,140.9,143,139.6,142.1,8096021,11498.24,46554,2163875,26.73
6/29/2020,COALINDIA,142.1,140.55,140.85,134.15,134.85,14576506,19815.2,97559,4822561,33.08
6/30/2020,COALINDIA,134.85,136.35,137.15,132.35,132.85,9576074,12896.49,61798,3279784,34.25
7/1/2020,COALINDIA,132.85,132.85,134.65,131.4,133.85,8413691,11233.42,47189,2143545,25.48
7/2/2020,COALINDIA,133.85,134.05,135,132.8,133.6,7746561,10356.65,47067,2369671,30.59
7/3/2020,COALINDIA,133.6,134.4,135.9,133.05,135.25,9093435,12218.7,62413,2972361,32.69
7/6/2020,COALINDIA,135.25,136.3,137.5,135.25,135.85,9491956,12924.96,48520,3101204,32.67
7/7/2020,COALINDIA,135.85,136.5,136.7,132.6,132.85,9905750,13237.54,94169,4459127,45.02
7/8/2020,COALINDIA,132.85,132.95,134.45,131.6,132.85,12308840,16360.33,70137,4798469,38.98
7/9/2020,COALINDIA,132.85,133.5,135.3,129.1,130.4,19348275,25438.23,113948,8447928,43.66
7/10/2020,COALINDIA,130.4,129.5,132.25,128.2,131.2,17079042,22317.09,94861,5097240,29.84
7/13/2020,COALINDIA,131.2,131.8,132.45,130.3,130.5,7748616,10149.45,58621,3158897,40.77
7/14/2020,COALINDIA,130.5,130.4,130.4,128,128.25,7234663,9328.61,56207,2750599,38.02
7/15/2020,COALINDIA,128.25,128.85,129.45,127.55,128,7037830,9044.5,54870,3089399,43.9
7/16/2020,COALINDIA,128,127.75,128,124.6,126.15,11785672,14814.79,113925,3788917,32.15
7/17/2020,COALINDIA,126.15,126.6,132.05,126.6,130.6,11331580,14652.15,62603,3999890,35.3
7/20/2020,COALINDIA,130.6,133.5,134.6,131.7,133,16602099,22152.44,136914,4722851,28.45
7/21/2020,COALINDIA,133,133.5,134.5,132,133.1,10375599,13840.02,100505,3854659,37.15
7/22/2020,COALINDIA,133.1,133.7,136.7,132.75,134.1,14123442,19072.62,95814,4667350,33.05
7/23/2020,COALINDIA,134.1,134.9,135.55,133.2,133.45,5534401,7430.81,34953,1272852,23
7/24/2020,COALINDIA,133.45,132.9,132.9,130,131.6,8426461,11052.18,53860,2254150,26.75
7/27/2020,COALINDIA,131.6,131.6,131.8,129.35,129.95,5361640,6990.03,39588,1364613,25.45
7/28/2020,COALINDIA,129.95,130.1,130.75,128.55,130.45,5274400,6847.79,31381,1537890,29.16
7/29/2020,COALINDIA,130.45,130,132.5,129.7,131.2,5730273,7530.93,36367,1726375,30.13
7/30/2020,COALINDIA,131.2,131.3,131.7,128.3,128.6,5755343,7468.08,63278,2454335,42.64
7/31/2020,COALINDIA,128.6,128.95,130,127.55,129.25,5310134,6837.8,39395,1466304,27.61
8/3/2020,COALINDIA,129.25,129.9,129.9,128.1,128.4,4101652,5290.95,27575,917256,22.36
8/4/2020,COALINDIA,128.4,129.6,131.7,128.5,128.75,8225373,10690.55,44797,1976084,24.02
8/5/2020,COALINDIA,128.75,129.15,130.1,128.2,128.45,6357551,8195.08,39043,2019704,31.77
8/6/2020,COALINDIA,128.45,129,131.2,128.3,128.85,7905921,10245.03,48259,2023673,25.6
8/7/2020,COALINDIA,128.85,129.5,130.35,128.55,129.75,6553630,8496.63,47503,2068150,31.56
8/10/2020,COALINDIA,129.75,130.3,131.15,129,129.25,7123618,9254.21,36473,3286753,46.14
8/11/2020,COALINDIA,129.25,130.15,131,129.7,130.1,5668353,7384.29,26399,2230692,39.35
8/12/2020,COALINDIA,130.1,130,130.2,128.5,128.7,10656136,13744.06,59052,4544247,42.64
8/13/2020,COALINDIA,128.7,128.75,130.15,128.3,128.95,7333041,9456.54,47414,3163716,43.14
8/14/2020,COALINDIA,128.95,129.35,134.25,129.1,131.85,23946126,31712.89,101689,5994241,25.03
8/17/2020,COALINDIA,131.85,133.5,137,132.35,136,23263429,31397.67,129232,5546239,23.84
8/18/2020,COALINDIA,136,136.65,138.55,135.65,136.65,14887919,20406.39,80246,3628583,24.37
8/19/2020,COALINDIA,136.65,137.5,138,134.45,135.1,7440433,10153.04,43780,2301128,30.93
8/20/2020,COALINDIA,135.1,134.1,139,133.35,138.5,16865173,23117.83,95288,6122520,36.3
8/21/2020,COALINDIA,138.5,139.5,141.8,139,139.5,18104029,25433.15,92436,3910535,21.6
8/24/2020,COALINDIA,139.5,140.7,141.4,138.75,139.8,7621614,10672.01,44286,2754839,36.15
8/25/2020,COALINDIA,139.8,140.85,141,139.2,140.45,8785149,12308.87,61996,2836782,32.29
8/26/2020,COALINDIA,140.45,140.55,143.95,139.95,141.95,20083742,28632.83,98321,5763571,28.7
8/27/2020,COALINDIA,141.95,142.7,143.25,140,140.55,9356658,13244.09,45616,2898212,30.97
8/28/2020,COALINDIA,140.55,141.1,142.4,138.65,139.05,9056537,12737.6,44237,3058845,33.77
8/31/2020,COALINDIA,139.05,139.25,142.15,133.9,134.35,18673288,25738.25,91051,5270228,28.22
9/1/2020,COALINDIA,134.35,135.1,135.4,130.7,133.45,10567434,14031.58,48883,2661388,25.18
9/2/2020,COALINDIA,133.45,135.5,137.5,134.75,136.3,16749485,22862.04,83905,3636711,21.71
9/3/2020,COALINDIA,136.3,137.5,138.05,133.85,135.7,17375928,23569.5,72383,3888724,22.38
9/4/2020,COALINDIA,135.7,134.1,136.45,131.35,132.45,9952601,13325.79,53289,2317712,23.29
9/7/2020,COALINDIA,132.45,133,133.8,130.75,131.95,8781895,11586.27,46911,1581231,18.01
9/8/2020,COALINDIA,131.95,132.1,132.65,129.35,129.95,7292473,9558.88,44951,2455208,33.67
9/9/2020,COALINDIA,129.95,128.95,129,124.75,126.95,13115865,16568.7,94314,4914734,37.47
9/10/2020,COALINDIA,126.95,128,128.3,125.5,126.65,12007586,15211.72,71187,4472444,37.25
9/11/2020,COALINDIA,126.65,126.9,127,124.65,125.1,12588469,15778.93,76645,5130939,40.76
9/14/2020,COALINDIA,125.1,126,126.85,124.1,124.95,12397189,15593.02,63059,4401665,35.51
9/15/2020,COALINDIA,124.95,125.65,125.75,123.8,124.1,11541715,14353.53,51823,4713770,40.84
9/16/2020,COALINDIA,124.1,124.6,124.6,123.1,123.85,8008458,9908.31,44715,2742781,34.25
9/17/2020,COALINDIA,123.85,123.85,125.9,123.55,124.3,13049747,16275.48,62148,3640086,27.89
9/18/2020,COALINDIA,124.3,125.25,125.25,122.9,123.65,14614109,18095.09,60624,8070079,55.22
9/21/2020,COALINDIA,123.65,123.65,124.15,121.1,121.65,9573634,11745.24,61004,3121570,32.61
9/22/2020,COALINDIA,121.65,122,122,118.85,119.55,10043181,12039.95,59546,3323463,33.09
9/23/2020,COALINDIA,119.55,119.75,122.5,118.95,121.05,9281260,11146.58,46608,2525566,27.21
9/24/2020,COALINDIA,121.05,121.05,121.1,115.2,115.7,15979042,18748.13,88489,6448929,40.36
9/25/2020,COALINDIA,115.7,116,117.6,113.9,117.1,15988811,18551.56,78735,4155580,25.99
9/29/2020,COALINDIA,120,121.15,121.55,117.15,117.65,12065797,14323.77,52011,3621897,30.02
9/30/2020,COALINDIA,117.65,117,117.1,114.65,116,14036727,16237.25,66716,3547859,25.28
10/1/2020,COALINDIA,116,117.1,119.7,116.35,117.25,9963716,11730.43,48247,1775468,17.82
10/5/2020,COALINDIA,117.25,117.95,119.5,117.55,118.4,8141488,9643.75,41291,2714006,33.34
10/6/2020,COALINDIA,118.4,119.35,119.35,116.3,116.8,11221877,13150.04,44469,4614133,41.12
10/7/2020,COALINDIA,116.8,117.1,117.2,114.25,114.45,11941001,13744.73,66360,5220824,43.72
10/8/2020,COALINDIA,114.45,114.7,115,112.65,113.3,11663413,13250.07,64821,3191676,27.36
10/9/2020,COALINDIA,113.3,113.35,115.9,112.3,114.9,15958362,18207.5,67706,3361186,21.06
10/12/2020,COALINDIA,114.9,115.3,115.5,112.8,113.2,7949877,9032.1,38434,2612802,32.87
10/13/2020,COALINDIA,113.2,113.3,114.65,112.35,113.85,9702596,11026.24,46528,3120451,32.16
10/14/2020,COALINDIA,113.85,113.2,113.95,109.6,110.55,19663423,21728.53,85097,7485272,38.07
10/15/2020,COALINDIA,110.55,110.85,112.7,109.55,110.6,15481821,17241.6,57781,3401170,21.97
10/16/2020,COALINDIA,110.6,111.3,112.75,109.6,111.35,12231070,13522.07,45438,4357257,35.62
10/19/2020,COALINDIA,111.35,112.5,115.35,111.25,114.7,18111350,20513.08,66096,5432373,29.99
10/20/2020,COALINDIA,114.7,115.1,116.15,113.1,113.65,16554188,18909.32,61225,2529702,15.28
10/21/2020,COALINDIA,113.65,113.65,116.9,113.55,115.1,20421826,23614.41,65665,5921022,28.99
10/22/2020,COALINDIA,115.1,115,116.7,114.1,115.8,13653952,15734.93,49600,5463167,40.01
10/23/2020,COALINDIA,115.8,116.8,118.2,116.2,117.7,11876045,13951.51,43967,3013225,25.37
10/26/2020,COALINDIA,117.7,117.9,117.9,114.2,114.55,11243328,12962.03,45309,2275864,20.24
10/27/2020,COALINDIA,114.55,114.2,115.15,112.85,113.95,10985481,12527.73,41886,2607141,23.73
10/28/2020,COALINDIA,113.95,113.95,114,112.4,112.7,9366429,10596.15,48406,2922569,31.2
10/29/2020,COALINDIA,112.7,112,112.45,110.55,110.85,11415157,12691.37,51228,3418660,29.95
10/30/2020,COALINDIA,110.85,111.6,115.2,111.05,114.2,17774954,20217.68,66576,2601039,14.63
11/2/2020,COALINDIA,114.2,114.6,116.3,113.55,115.7,12785804,14729.23,54758,3103170,24.27
11/3/2020,COALINDIA,115.7,115.6,117.25,115.6,116.5,12319486,14362.14,53625,3400394,27.6
11/4/2020,COALINDIA,116.5,116.5,116.5,113.7,114.8,7382741,8486.85,31539,1382316,18.72
11/5/2020,COALINDIA,114.8,116.35,120.6,115.25,119.85,14904921,17593.91,74146,5372617,36.05
11/6/2020,COALINDIA,119.85,120.25,122.4,118.3,121.8,18908916,22764.91,64488,4333714,22.92
11/9/2020,COALINDIA,121.8,122.9,122.9,120.65,121.75,14950332,18170.41,49874,5363657,35.88
11/10/2020,COALINDIA,121.75,122.25,125.4,121,124.8,15808417,19550.8,66171,5276489,33.38
11/11/2020,COALINDIA,124.8,126,126.2,123.55,125.85,16757799,20976.61,61312,5274776,31.48
11/12/2020,COALINDIA,125.85,126.05,126.5,121,122.1,35738360,43779.83,117916,12149334,34
11/13/2020,COALINDIA,122.1,122.5,126.35,121.2,125.9,23377931,29048.91,81125,4380256,18.74
11/14/2020,COALINDIA,125.9,127.35,127.5,126.55,127.1,3308333,4206.09,24471,1723984,52.11
11/17/2020,COALINDIA,127.1,128.3,129.3,127.2,128.7,20369194,26146.94,77883,7839291,38.49
11/18/2020,COALINDIA,128.7,128.75,128.85,125.85,128.25,18943803,24161.5,60914,7046700,37.2
11/19/2020,COALINDIA,128.25,121.75,124.3,120.85,122.05,29186699,35813.81,108597,7113448,24.37
11/20/2020,COALINDIA,122.05,123.3,123.5,120.15,121.45,17573909,21310.6,72964,5452278,31.02
11/23/2020,COALINDIA,121.45,121.25,123.45,119.75,122.75,17269543,21006.61,85052,5807629,33.63
11/24/2020,COALINDIA,122.75,123.75,124.6,122.8,123.25,18199200,22510.67,64389,5508591,30.27
11/25/2020,COALINDIA,123.25,123.95,126.75,123.25,123.95,22813211,28460.85,83460,6388106,28
11/26/2020,COALINDIA,123.95,124.6,125.35,123.35,125.05,13694237,17040.22,54634,4303169,31.42
11/27/2020,COALINDIA,125.05,125.45,127.4,125,125.55,25297333,31852.63,90024,12872944,50.89
12/1/2020,COALINDIA,125.55,126,127,124.7,126.4,8927107,11272.48,39160,2740366,30.7
12/2/2020,COALINDIA,126.4,127,131.15,126.4,129.75,21081119,27050.89,76409,7372393,34.97
12/3/2020,COALINDIA,129.75,131.35,134,129.25,133.45,25834042,34005.92,102682,8046574,31.15
12/4/2020,COALINDIA,133.45,134.2,134.95,131.1,133.3,19371235,25793.95,74522,4395212,22.69
12/7/2020,COALINDIA,133.3,133.3,137.2,133,136.8,14127211,19179.79,72793,4981057,35.26
12/8/2020,COALINDIA,136.8,137.45,137.7,133,134.25,21479953,28895.96,94775,7858985,36.59
12/9/2020,COALINDIA,134.25,135.4,137.5,134.4,134.7,18755465,25506.69,98957,5716396,30.48
12/10/2020,COALINDIA,134.7,135.2,135.45,132.8,134.85,11912807,16017.98,49080,3630502,30.48
12/11/2020,COALINDIA,134.85,134.7,140.7,134.5,138.25,30559578,42351.22,120850,8079873,26.44
12/14/2020,COALINDIA,138.25,139.65,144.2,139.1,143.35,35605748,50847.88,166024,9100047,25.56
12/15/2020,COALINDIA,143.35,143.65,144.35,140.8,143.1,18775793,26856.25,82580,3792947,20.2
12/16/2020,COALINDIA,143.1,144.35,146,143.5,145.5,16119571,23377.98,61093,5570068,34.55
12/17/2020,COALINDIA,145.5,145.25,145.25,142.5,143.45,12374964,17797.13,54246,3485973,28.17
12/18/2020,COALINDIA,143.45,143.45,143.65,139.45,141.7,13628707,19263.66,52390,4043741,29.67
12/21/2020,COALINDIA,141.7,141.4,141.5,129.35,132.95,20132655,27448.54,81246,5546177,27.55
12/22/2020,COALINDIA,132.95,132.5,136.1,129.8,135.5,17257059,23046.59,94562,3857817,22.36
12/23/2020,COALINDIA,135.5,135.5,136.7,134.1,135.05,10091831,13665.87,56757,2697496,26.73
12/24/2020,COALINDIA,135.05,136.35,139.1,135.6,136.25,14518171,19906.96,66150,3132841,21.58
12/28/2020,COALINDIA,136.25,139.9,139.9,137.2,137.65,15223089,21035.33,70762,3181524,20.9
12/29/2020,COALINDIA,137.65,138.9,139.6,134.6,135.1,21146540,28850.9,111869,6168011,29.17
12/30/2020,COALINDIA,135.1,136.75,136.75,134.2,135.6,14180071,19200.53,62490,3473147,24.49
12/31/2020,COALINDIA,135.6,135.6,136.7,134.75,135.45,15237166,20655.28,56681,5979916,39.25
1/1/2021,COALINDIA,135.45,135.4,136.25,135.05,135.35,6995084,9479.38,42330,2455945,35.11
1/4/2021,COALINDIA,135.35,136.85,137.75,135.8,137.25,11669647,15969.91,49612,2919755,25.02
1/5/2021,COALINDIA,137.25,136.75,136.75,134.4,135.15,12371842,16716.42,64308,4153942,33.58
1/6/2021,COALINDIA,135.15,135.4,137.3,133.8,135.1,14133415,19160.62,60724,5004757,35.41
1/7/2021,COALINDIA,135.1,136.5,137.5,135.5,136.5,17298525,23575.82,83089,7517934,43.46
1/8/2021,COALINDIA,136.5,137.1,140.95,137.1,139.7,27964099,39077.3,163024,11318989,40.48
1/11/2021,COALINDIA,139.7,140.5,143,140.3,141.7,24790683,35153.17,111880,8640707,34.85
1/12/2021,COALINDIA,141.7,142.5,147.55,141.7,146.65,28433070,41344.44,158349,8840489,31.09
1/13/2021,COALINDIA,146.65,148.5,148.8,143.5,145.8,21154236,31044.63,93307,4384357,20.73
1/14/2021,COALINDIA,145.8,146.6,148.2,144.85,146.65,14755992,21667.12,91577,4875794,33.04
1/15/2021,COALINDIA,146.65,146.8,147.6,142.35,143.25,10647008,15419.69,56384,2481276,23.3
1/18/2021,COALINDIA,143.25,143.3,143.9,136.6,138.7,17085592,23747.69,86603,5097197,29.83
1/19/2021,COALINDIA,138.7,140.85,141.9,139.6,140.1,8951075,12590.41,48877,1883956,21.05
1/20/2021,COALINDIA,140.1,140.5,141.95,138.65,141.5,11820498,16557.89,47055,3064046,25.92
1/21/2021,COALINDIA,141.5,142,142.15,136.55,137.35,10828875,15092.01,63998,3271597,30.21
1/22/2021,COALINDIA,137.35,137.35,137.8,132.5,133.2,14810848,19928.52,80902,4242455,28.64
1/25/2021,COALINDIA,133.2,134.9,135.5,130.85,131.85,10157077,13478.32,66798,2505526,24.67
1/27/2021,COALINDIA,131.85,132,132.55,128.7,129.15,11638766,15172.19,63223,3591595,30.86
1/28/2021,COALINDIA,129.15,128,129.95,127.8,128.2,11970139,15414.21,70998,3176366,26.54
1/29/2021,COALINDIA,128.2,129.25,129.65,125.25,125.9,15268785,19516.61,62235,6229977,40.8
2/1/2021,COALINDIA,125.9,126.4,129.75,125.85,129,12808349,16372.14,55486,2802614,21.88
2/2/2021,COALINDIA,129,131,132.85,129.65,131.25,15485139,20332.52,88444,3910995,25.26
2/3/2021,COALINDIA,131.25,131.25,138,131.25,137.25,25483402,34489.03,95262,9194662,36.08
2/4/2021,COALINDIA,137.25,137.9,144.25,136.8,143.6,30751754,43649.44,137727,8936682,29.06
2/5/2021,COALINDIA,143.6,144.1,144.3,139.35,140.85,19930467,28184.77,81218,8186460,41.08
2/8/2021,COALINDIA,140.85,141.05,142.4,140.3,141.55,11810439,16710.22,50738,4509098,38.18
2/9/2021,COALINDIA,141.55,141.5,143.45,138.7,139.25,8579689,12133.8,49493,1915862,22.33
2/10/2021,COALINDIA,139.25,139.9,140.55,136.8,138.3,8709612,12017.96,53694,2016305,23.15
2/11/2021,COALINDIA,138.3,138.3,139.5,136,137.15,14150298,19516.31,70430,2578123,18.22
2/12/2021,COALINDIA,137.15,136.5,137,132.75,133.85,16453706,22072.22,87293,4247377,25.81
2/15/2021,COALINDIA,133.85,134.5,134.85,132,132.25,10557047,14020.78,61774,3710247,35.14
2/16/2021,COALINDIA,132.25,132.3,135.4,132.3,133.75,11735144,15733.92,53471,2268901,19.33
2/17/2021,COALINDIA,133.75,133.3,135.75,132.9,135.2,8950258,12055.02,41784,2050915,22.91
2/18/2021,COALINDIA,135.2,135,141.2,134.05,139.95,22069738,30563.56,84255,6184695,28.02
2/19/2021,COALINDIA,139.95,139.95,143.2,137.25,139.25,22944780,32180.52,97455,5431928,23.67
2/22/2021,COALINDIA,139.25,138.85,139.4,135.1,136.25,20401387,27858.3,74554,6305270,30.91
2/23/2021,COALINDIA,136.25,137.6,138.6,136.2,136.9,19178437,26337.22,67826,5598787,29.19
2/24/2021,COALINDIA,136.9,139.95,145,139.5,144.4,38775957,55422.42,158413,10622039,27.39
2/25/2021,COALINDIA,144.4,146.9,157.7,145.75,156.1,85580477,130641.29,310743,16751013,19.57
2/26/2021,COALINDIA,156.1,156.15,163,150.5,152.2,94115857,146015.88,351215,14256510,15.15
3/1/2021,COALINDIA,152.2,155.5,157.1,153.7,154.35,22306110,34564.12,113465,4499241,20.17
3/2/2021,COALINDIA,154.35,154.35,156.15,152.5,153.4,17565134,27073,99881,4837518,27.54
3/3/2021,COALINDIA,153.4,155,157.3,153.8,154.9,17610904,27352.2,96850,4578189,26
3/4/2021,COALINDIA,154.9,154,154.9,151.7,152.05,17162557,26199.41,86898,6576703,38.32
3/5/2021,COALINDIA,152.05,152,152.7,149.7,151.1,17323282,26198.01,72443,6180682,35.68
3/8/2021,COALINDIA,151.1,153.9,156,152.35,153.15,18727656,28851.34,92912,4346287,23.21
3/9/2021,COALINDIA,153.15,154.95,154.95,148.5,151.7,14621175,22163.71,70349,3606833,24.67
3/10/2021,COALINDIA,151.7,153.05,153.25,149.4,150.95,10788943,16242.44,56698,3431221,31.8
3/12/2021,COALINDIA,150.95,152,153,149,150.5,14835735,22434.01,72067,5475956,36.91
3/15/2021,COALINDIA,150.5,146.45,147.6,144.75,146.9,15784630,23054.89,84694,6342670,40.18
3/16/2021,COALINDIA,146.9,147,148.05,144.6,145.7,11857531,17285.24,53494,5170520,43.61
3/17/2021,COALINDIA,145.7,145.05,145.45,139.5,139.85,15554810,22084.69,84437,4946810,31.8
3/18/2021,COALINDIA,139.85,141.5,141.75,136.2,137.05,14401450,19915.05,74671,5140648,35.7
3/19/2021,COALINDIA,137.05,136,140,133.5,136.3,33294812,45606.63,102195,19445532,58.4
3/22/2021,COALINDIA,136.3,137.6,137.6,135.3,135.65,11414253,15525.05,51844,4063737,35.6
3/23/2021,COALINDIA,135.65,135.6,136.65,134.1,135.25,8887103,12055.35,46310,3259114,36.67
3/24/2021,COALINDIA,135.25,133.9,135.15,132.05,132.3,10865477,14476.36,64700,3853406,35.46
3/25/2021,COALINDIA,132.3,132,133.1,127.05,128.1,18629600,24082.44,100653,8170107,43.86
3/26/2021,COALINDIA,128.1,129.1,130.4,128.7,129.6,9505615,12314.88,54574,2769403,29.13
3/30/2021,COALINDIA,129.6,131,134.45,130.15,132.95,20584678,27233.57,78312,9114511,44.28
3/31/2021,COALINDIA,132.95,133,133,130,130.35,14900610,19524.51,66581,7616655,51.12
4/1/2021,COALINDIA,130.35,131.45,132.4,130.6,132.15,6226087,8189.73,39462,1715150,27.55
4/5/2021,COALINDIA,132.15,131.9,132.1,128.05,129.8,9012457,11678.05,48202,3158712,35.05
4/6/2021,COALINDIA,129.8,130.85,131.85,129.3,130.3,6689423,8740.03,34956,1618553,24.2
4/7/2021,COALINDIA,130.3,130.3,131.7,129.75,131.25,5657926,7422.57,44084,2082876,36.81
4/8/2021,COALINDIA,131.25,131.3,133.75,131.2,131.65,9330363,12387.78,53888,3057396,32.77
4/9/2021,COALINDIA,131.65,131.65,131.95,128.95,129.5,10149401,13209.22,46614,4601111,45.33
4/12/2021,COALINDIA,129.5,128,128.3,123.6,124.7,11334755,14179.7,73347,3988775,35.19
4/13/2021,COALINDIA,124.7,124.8,128.45,124.8,127.95,7809483,9902.67,36344,1575691,20.18
4/15/2021,COALINDIA,127.95,127.95,130.8,126.95,128.25,8924391,11465.67,50005,2548133,28.55
4/16/2021,COALINDIA,128.25,128.85,129.95,127.1,127.85,10358366,13292.42,40945,4623401,44.63
4/19/2021,COALINDIA,127.85,125.6,126,123.4,124.6,7131534,8868.79,52024,2544235,35.68
4/20/2021,COALINDIA,124.6,125,126.25,124.05,124.5,7738871,9670.13,43814,2344674,30.3
4/22/2021,COALINDIA,124.5,124.65,125.5,124,125.05,8514980,10631.4,43681,3259719,38.28
4/23/2021,COALINDIA,125.05,124.95,127.25,124.25,126.15,8992991,11348.95,43453,3034826,33.75
4/26/2021,COALINDIA,126.15,127.75,128,126.5,126.95,4967884,6324.1,29393,1755583,35.34
4/27/2021,COALINDIA,126.95,127,127.9,126.6,127.5,3982954,5077.02,28486,1521312,38.2
4/28/2021,COALINDIA,127.5,128,129.45,127.5,128.5,6206074,7985.05,32352,1981995,31.94
4/29/2021,COALINDIA,128.5,129.75,130.05,127.65,128.05,8345584,10720.4,37445,3185650,38.17
4/30/2021,COALINDIA,128.05,127.4,134.6,127,133.05,27396950,36331.07,103147,6859319,25.04
5/3/2021,COALINDIA,133.05,133,133.45,131.2,132.2,10262391,13568.12,59409,3027844,29.5
5/4/2021,COALINDIA,132.2,132.55,135.8,132.25,132.8,9926789,13299.15,51285,2197196,22.13
5/5/2021,COALINDIA,132.8,133,134.5,132.5,133.15,4877341,6496.42,34350,1336782,27.41
5/6/2021,COALINDIA,133.15,134.2,135.45,133.75,134.6,7632817,10267.72,45098,2709082,35.49
5/7/2021,COALINDIA,134.6,135.4,138,135,136.85,12644960,17278.66,60683,3511908,27.77
5/10/2021,COALINDIA,136.85,137.1,148.5,137.1,147.05,45098431,64985.07,207643,10672178,23.66
5/11/2021,COALINDIA,147.05,146.45,156.75,145.15,155.7,66582000,102378.4,281217,13231931,19.87
5/12/2021,COALINDIA,155.7,155.9,159.7,151.8,153.5,42959024,66981.33,185209,8304736,19.33
5/14/2021,COALINDIA,153.5,155.95,155.95,146.1,146.8,23140309,34450.97,118148,4914951,21.24
5/17/2021,COALINDIA,146.8,147,149.15,144,148.15,17076463,24995.52,84145,3095971,18.13
5/18/2021,COALINDIA,148.15,149.1,149.8,146.1,146.45,10295029,15216.13,54626,2277753,22.12
5/19/2021,COALINDIA,146.45,146.45,152.5,145.1,151.85,23999878,35875.79,103592,3795409,15.81
5/20/2021,COALINDIA,151.85,152.4,152.4,146.05,146.65,22983457,34193.13,114458,8191543,35.64
5/21/2021,COALINDIA,146.65,147,149.6,146.85,147.2,13009821,19267.36,72406,3377567,25.96
5/24/2021,COALINDIA,147.2,148.1,149.75,145.65,148.9,14192862,21075.67,72173,3449387,24.3
5/25/2021,COALINDIA,148.9,149.8,150,147.1,147.45,10434892,15515.43,49257,4194583,40.2
5/26/2021,COALINDIA,147.45,147.8,148,145.2,145.7,9948786,14572.09,45080,3136539,31.53
5/27/2021,COALINDIA,145.7,145.75,146.3,144.1,144.55,24064196,34862.12,74895,11879547,49.37
5/28/2021,COALINDIA,144.55,145.6,148.8,144.75,146.9,16465504,24245.84,76228,2772681,16.84
5/31/2021,COALINDIA,146.9,147.05,148.4,145.05,147.7,11767444,17263.28,60768,3055092,25.96
6/1/2021,COALINDIA,147.7,148.55,149.4,146.9,147.6,9307143,13776.73,49748,2676772,28.76
6/2/2021,COALINDIA,147.6,147.5,149.9,147,149.1,10714318,15967.24,51687,4679548,43.68
6/3/2021,COALINDIA,149.1,150,150.4,148.6,149.05,9282774,13867.1,51225,3404266,36.67
6/4/2021,COALINDIA,149.05,149,154.4,148.2,153.1,29422387,44829.38,139325,9037462,30.72
6/7/2021,COALINDIA,153.1,156,158.85,155.45,156.25,31071589,48749.18,141578,7620457,24.53
6/8/2021,COALINDIA,156.25,157.4,157.5,152.8,156,12874065,19997.47,67399,3167209,24.6
6/9/2021,COALINDIA,156,157,161.4,155.2,156.4,30443113,48155.72,127783,8451515,27.76
6/10/2021,COALINDIA,156.4,157.1,158.75,155.75,156.5,11459484,18011.51,53957,3563014,31.09
6/11/2021,COALINDIA,156.5,157,165,156.65,162.65,61728565,100455.24,290266,12613581,20.43
6/14/2021,COALINDIA,162.65,164,164,155.55,159.35,30836595,49144.22,134152,7157404,23.21
6/15/2021,COALINDIA,159.35,161.1,161.85,156.75,157.15,30153988,47721.01,135507,7182181,23.82
6/16/2021,COALINDIA,157.15,157.3,158.8,154.85,155.55,14098443,22109.16,73166,3653177,25.91
6/17/2021,COALINDIA,155.55,155,155.4,151.4,152.15,15784276,24192.08,86134,4807827,30.46
6/18/2021,COALINDIA,152.15,153,153.8,145.1,146.4,24823176,36690.96,139988,9984953,40.22
6/21/2021,COALINDIA,146.4,146,148,143.5,147.5,15038290,21913.4,86492,4721386,31.4
6/22/2021,COALINDIA,147.5,148.9,149.5,147.8,148.7,12494441,18604.63,60967,4556454,36.47
6/23/2021,COALINDIA,148.7,149.85,150.6,148.15,148.45,7983220,11927.97,55211,2336868,29.27
6/24/2021,COALINDIA,148.45,148.45,149.1,146,146.4,12929173,19037.64,57491,6041449,46.73
6/25/2021,COALINDIA,146.4,146.75,149.25,146.75,148.75,7400514,10957.43,42901,2340906,31.63
6/28/2021,COALINDIA,148.75,147.1,149,147,147.2,8217659,12141.64,49061,3368783,40.99
6/29/2021,COALINDIA,147.2,147.1,147.9,143.95,144.5,21576435,31299.55,65579,13023709,60.36
6/30/2021,COALINDIA,144.5,145.6,147.4,145.1,146.65,12919448,18927.35,59616,4515298,34.95
7/1/2021,COALINDIA,146.65,146.6,147.3,145.5,145.65,5668038,8279.79,34005,1466524,25.87
7/2/2021,COALINDIA,145.65,147,148.65,146.05,147.65,20805994,30665.19,88862,7566855,36.37
7/5/2021,COALINDIA,147.65,148,150.5,147.6,149.9,10401054,15516.49,66733,4501892,43.28
7/6/2021,COALINDIA,149.9,150.05,150.7,146.9,147.5,9579038,14283.6,51587,3807291,39.75
7/7/2021,COALINDIA,147.5,147.5,148.75,146.55,147.55,6067804,8954.93,32479,2036209,33.56
7/8/2021,COALINDIA,147.55,147,148.15,145.3,146.25,12349670,18135.25,46603,6892721,55.81
7/9/2021,COALINDIA,146.25,146.25,147.5,145.65,146.7,4963821,7271.59,31715,1382117,27.84
7/12/2021,COALINDIA,146.7,146.8,147.85,146.1,146.4,4010172,5890.64,29729,1304196,32.52
7/13/2021,COALINDIA,146.4,147,148.5,146.65,148.1,5717442,8451.51,37059,2131863,37.29
7/14/2021,COALINDIA,148.1,147.95,149.4,147.25,148.15,7216739,10700.58,30963,3345804,46.36
7/15/2021,COALINDIA,148.15,148,148.4,145.65,146.7,7257500,10643.92,44437,3411691,47.01
7/16/2021,COALINDIA,146.7,146.75,148.05,145.3,145.55,10819800,15826.24,44189,6069104,56.09
7/19/2021,COALINDIA,145.55,145,146.4,144,144.45,5158738,7486.57,38011,1746422,33.85
7/20/2021,COALINDIA,144.45,144.5,145.05,141.7,142.9,6271740,8970.07,41946,2224214,35.46
7/22/2021,COALINDIA,142.9,144,145.4,143.25,144.7,4772582,6898.33,42494,1572023,32.94
7/23/2021,COALINDIA,144.7,144.7,145,143.35,144.1,3419739,4928.62,30502,1222505,35.75
7/26/2021,COALINDIA,144.1,144,145.5,143.25,144,4423596,6394.6,36407,1227637,27.75
7/27/2021,COALINDIA,144,144.5,145.25,142.1,142.45,4245486,6089.06,34576,1571389,37.01
7/28/2021,COALINDIA,142.45,143.45,144.3,141.05,144.05,8834228,12636.44,43183,3976179,45.01
7/29/2021,COALINDIA,144.05,144.05,144.65,141.9,142.15,8237916,11761.53,55479,3958262,48.05
7/30/2021,COALINDIA,142.15,142.3,144.9,141.25,143.3,9526451,13688.49,49579,3634852,38.16
8/2/2021,COALINDIA,143.3,144.3,144.9,143.1,143.9,6164197,8855.83,46962,2980663,48.35
8/3/2021,COALINDIA,143.9,143.9,144.75,143,144.25,5648929,8122.55,42926,2194733,38.85
8/4/2021,COALINDIA,144.25,144.15,147.35,144.15,144.7,8839351,12879.54,56719,2692340,30.46
8/5/2021,COALINDIA,144.7,145,145.9,142.2,145.45,6237158,8975.48,42672,1524429,24.44
8/6/2021,COALINDIA,145.45,145.6,148.45,145.25,146.1,10812438,15848.72,58598,3323192,30.73
8/9/2021,COALINDIA,146.1,147.5,147.85,142.35,143.25,12986298,18832.17,61077,4011252,30.89
8/10/2021,COALINDIA,143.25,143.7,144.25,140.75,142.2,14022502,20010.52,69592,3779819,26.96
8/11/2021,COALINDIA,142.2,142.9,144.35,141.15,143.95,8356558,11954.82,49918,2178909,26.07
8/12/2021,COALINDIA,143.95,144.05,146.7,143.7,144.4,7685737,11160.42,55112,1964072,25.55
8/13/2021,COALINDIA,144.4,145.05,146.3,143.2,143.75,9455100,13647.03,48840,4294049,45.42
8/16/2021,COALINDIA,143.75,143.8,144.15,141.75,142,5259207,7498.83,33049,1782178,33.89
8/17/2021,COALINDIA,142,142.1,142.55,137.2,139.25,13714266,19133.83,65928,5841158,42.59
8/18/2021,COALINDIA,139.25,139.25,140.25,138,138.35,7654460,10643.72,50105,2800720,36.59
8/20/2021,COALINDIA,138.35,137.5,138.05,135,135.6,8877297,12100.71,53448,3788533,42.68
8/23/2021,COALINDIA,135.6,136.3,136.4,132.75,133.95,7768805,10451.28,58327,2679676,34.49
8/24/2021,COALINDIA,133.95,134.35,136.9,134,136.2,7452062,10135.69,54407,2864934,38.44
8/25/2021,COALINDIA,136.2,136.5,139.15,136.5,138.85,7817617,10814.39,46566,2160684,27.64
8/26/2021,COALINDIA,138.85,138.85,139.4,136.35,137.3,6845692,9432.5,32184,2517263,36.77
8/27/2021,COALINDIA,137.3,137.9,139.3,137.05,138.55,4418540,6116.5,29718,1374348,31.1
8/30/2021,COALINDIA,138.55,138.6,143.95,138.6,143.6,11333690,16125.02,58896,4506120,39.76
8/31/2021,COALINDIA,143.6,143.6,146.15,143.25,145.85,14301855,20750.02,71119,5544490,38.77
9/1/2021,COALINDIA,145.85,146.6,146.65,143.9,144.2,8415876,12213.37,50924,3308859,39.32
9/2/2021,COALINDIA,144.2,143.8,143.8,141.2,141.6,7787657,11050.25,51329,2423444,31.12
9/3/2021,COALINDIA,141.6,141.9,147.15,141.75,146.35,12734022,18426.8,77590,4954888,38.91
9/6/2021,COALINDIA,146.35,147.8,147.85,144.3,146.35,9712271,14184.45,60785,2999609,30.88
9/7/2021,COALINDIA,146.35,147,148.1,145.55,147.2,9475870,13919.27,52974,3840301,40.53
9/8/2021,COALINDIA,147.2,147.35,149.85,146.3,149.15,7873034,11651.14,46965,2919454,37.08
9/9/2021,COALINDIA,149.15,149.15,150.95,148,148.65,9519564,14201.47,51869,3267943,34.33
9/13/2021,COALINDIA,148.65,149.6,155.9,149.3,154.6,35672746,54747.63,182280,11327508,31.75
9/14/2021,COALINDIA,154.6,155.35,155.5,153.35,154.7,8804432,13584.8,60220,3172869,36.04
9/15/2021,COALINDIA,154.7,155.5,162.25,154.25,161.05,24591822,39154.47,131333,10351755,42.09
9/16/2021,COALINDIA,161.05,162.15,163,157.55,162.3,18440504,29589.6,103039,6025100,32.67
9/17/2021,COALINDIA,162.3,162.7,163.3,155.4,156.7,17317065,27439.21,93922,7106562,41.04
9/20/2021,COALINDIA,156.7,155.9,157.55,152.8,154.2,12541523,19459,68190,4664138,37.19
9/21/2021,COALINDIA,154.2,155.7,158,153.45,156.4,13645046,21299.99,72221,3071680,22.51
9/22/2021,COALINDIA,156.4,157.25,162.5,155,162.1,18861877,30166.03,100042,5574049,29.55
9/23/2021,COALINDIA,162.1,163.75,170,163.1,167.35,31399318,52584.39,173272,9003122,28.67
9/24/2021,COALINDIA,167.35,168.1,169.45,162.9,166.1,17259638,28694.96,94103,6637794,38.46
9/27/2021,COALINDIA,166.1,167,169.15,165.35,167.05,9099672,15218.6,69927,2673484,29.38
9/28/2021,COALINDIA,167.05,168.5,176.3,168.15,174.55,41551332,72348,238095,9404350,22.63
9/29/2021,COALINDIA,174.55,174.5,197,172.8,185.7,100988643,189186.94,475984,19129908,18.94
9/30/2021,COALINDIA,185.7,187.6,191.5,184.1,185.1,48957916,91376.84,217262,12837301,26.22
10/1/2021,COALINDIA,185.1,185.4,189.9,182.4,188.7,25492957,47622.3,129320,6074541,23.83
10/4/2021,COALINDIA,188.7,192.5,193.35,188.3,189.95,23341448,44402.19,141048,6285006,26.93
10/5/2021,COALINDIA,189.95,191,198.9,190.4,197.95,42359592,82842.92,238860,10760067,25.4
10/6/2021,COALINDIA,197.95,200,203.8,191.7,192.85,41926821,82602.09,240942,10911304,26.02
10/7/2021,COALINDIA,192.85,194.75,194.95,189.25,190.7,16517664,31623.51,99100,5010088,30.33
10/8/2021,COALINDIA,190.7,191.1,191.7,184.1,188.45,28978175,54378.25,191109,8610610,29.71
10/11/2021,COALINDIA,188.45,192,199.7,191.65,196.85,34952223,68604.62,208073,8604943,24.62
10/12/2021,COALINDIA,196.85,199.2,201,191.25,193.3,25216411,49059.02,164242,7037086,27.91
10/13/2021,COALINDIA,193.3,194,194.55,189.35,190.05,17378156,33279.75,136611,7255892,41.75
10/14/2021,COALINDIA,190.05,190,191.8,182.3,183.8,29542941,54820.54,215081,10358287,35.06
10/18/2021,COALINDIA,183.8,184.8,187.75,183.4,185.3,15468914,28720.58,124676,5047322,32.63
10/19/2021,COALINDIA,185.3,187.3,188.95,183.6,184.5,17403803,32428.53,110685,5019465,28.84
10/20/2021,COALINDIA,184.5,182.7,183.4,177.4,180.5,15921230,28659.17,101296,4126988,25.92
10/21/2021,COALINDIA,180.5,182,183,178.9,182.4,15586097,28262.41,89032,5333611,34.22
10/22/2021,COALINDIA,182.4,183.4,184.3,175.3,175.9,13603152,24202.04,93874,4287364,31.52
10/25/2021,COALINDIA,175.9,176.25,177.25,173,174.1,11744666,20535.4,77164,3702698,31.53
10/26/2021,COALINDIA,174.1,173,176,171.75,175.05,11602891,20154.5,65925,5396185,46.51
10/27/2021,COALINDIA,175.05,175.7,176.65,172.8,173.6,9535881,16661.43,63611,3326317,34.88
10/28/2021,COALINDIA,173.6,173,173,165.95,166.55,24509136,41250.55,112098,13964438,56.98
10/29/2021,COALINDIA,166.55,165,169.5,163.3,164.45,14826816,24640.19,86301,5993583,40.42
11/1/2021,COALINDIA,164.45,165,171.95,163.8,170.75,13585170,22736.46,78060,5421092,39.9
11/2/2021,COALINDIA,170.75,171.45,173.75,168.35,169.2,14278962,24420.9,91788,4810481,33.69
11/3/2021,COALINDIA,169.2,168.2,171.1,167.35,169.75,8974463,15212.47,59927,3332807,37.14
11/8/2021,COALINDIA,170.7,171,174.2,168.5,171.7,8761953,14979.71,60883,3230780,36.87
11/9/2021,COALINDIA,171.7,172.05,172.4,169.6,170.5,5723308,9778.09,45591,2571031,44.92
11/10/2021,COALINDIA,170.5,169.9,170.85,166.45,166.7,9212143,15425.91,69954,3592473,39
11/11/2021,COALINDIA,166.7,165.9,167.65,165.2,167,6453205,10745.95,65062,1962135,30.41
11/12/2021,COALINDIA,167,168.85,168.85,165.7,166.95,7027513,11743.99,49570,2159168,30.72
11/15/2021,COALINDIA,166.95,164.25,167.6,159.5,159.75,19400018,31407.6,136744,6575384,33.89
11/16/2021,COALINDIA,159.75,161,161.65,158.6,159.05,8505431,13643.65,63340,2932548,34.48
11/17/2021,COALINDIA,159.05,159.05,159.25,155.7,156.1,7477627,11757.94,59659,3098996,41.44
11/18/2021,COALINDIA,156.1,156.05,157.75,153,153.4,12981172,20112.86,70528,7314138,56.34
11/22/2021,COALINDIA,153.4,152.2,152.9,149.1,150.55,11522286,17388.2,71401,3739199,32.45
11/23/2021,COALINDIA,150.55,150,156.75,150,156.2,13305061,20537.84,92281,3109904,23.37
11/24/2021,COALINDIA,156.2,158.3,161.65,155.6,159.1,18809310,29882.07,114125,6327364,33.64
11/25/2021,COALINDIA,159.1,161.5,162.8,156,158.55,22402592,35563.31,126690,5132679,22.91
11/26/2021,COALINDIA,158.55,157.75,159.4,155.35,155.9,11829847,18551.01,79377,3946882,33.36
11/29/2021,COALINDIA,155.9,155.9,156.65,151.9,154.25,18176163,28101.27,85703,9582404,52.72
11/30/2021,COALINDIA,154.25,158.5,158.5,151.35,152,56643275,87285.41,203673,30277896,53.45
12/1/2021,COALINDIA,152,153.6,156.25,152.55,155.55,16283427,25101.36,90872,6278992,38.56
12/2/2021,COALINDIA,155.55,156.9,159.55,155.15,159.3,15647910,24665.76,91375,6449951,41.22
12/3/2021,COALINDIA,159.3,159,160.7,158.25,159.75,20414051,32589,98308,11405886,55.87
12/6/2021,COALINDIA,159.75,152,152.45,148.1,148.55,24185368,36281.49,165352,8036269,33.23
12/7/2021,COALINDIA,148.55,150.1,150.95,149.15,150.65,7866368,11829.08,55576,3161282,40.19
12/8/2021,COALINDIA,150.65,151.25,151.75,150.05,150.9,7313306,11027.96,50627,2971902,40.64
12/9/2021,COALINDIA,150.9,151.75,153.5,150.65,152.65,9423435,14353.28,61394,3375832,35.82
12/10/2021,COALINDIA,152.65,152.65,153.75,150.9,151.3,7419042,11273.63,55893,3032531,40.87
12/13/2021,COALINDIA,151.3,152.8,152.8,147.95,149,9888293,14849.21,67662,5049192,51.06
12/14/2021,COALINDIA,149,149,149.75,146.75,148.9,8474759,12562.65,86075,3616951,42.68
12/15/2021,COALINDIA,148.9,149.15,150.6,147.95,148.1,5410912,8057.37,47136,1735037,32.07
12/16/2021,COALINDIA,148.1,148.1,150.1,147.55,149.75,7539061,11232.66,43953,2924016,38.78
12/17/2021,COALINDIA,149.75,149.1,149.4,146,146.45,8758284,12877.65,68128,4148231,47.36
12/20/2021,COALINDIA,146.45,145.35,145.65,139.15,140.7,8858645,12540.53,76285,3550121,40.08
12/21/2021,COALINDIA,140.7,141.8,146,141.4,144.65,8097050,11678.02,68037,3085170,38.1
12/22/2021,COALINDIA,144.65,145.45,149.4,144.45,145.35,6798820,9888.36,52886,2321792,34.15
12/23/2021,COALINDIA,145.35,146.25,147.95,146,147.7,4857807,7145.87,38506,1930045,39.73
12/24/2021,COALINDIA,147.7,148,148.15,145.4,145.9,4568316,6688.66,29357,1910848,41.83
12/27/2021,COALINDIA,145.9,145,146.5,144.1,146.05,3534825,5136.57,33858,827156,23.4
12/28/2021,COALINDIA,146.05,146.25,149.25,146.25,148.85,4907497,7278.21,37111,1674129,34.11
12/29/2021,COALINDIA,148.85,149.25,149.25,146.3,146.75,4216568,6205.14,36004,1245928,29.55
12/30/2021,COALINDIA,146.75,146.75,149,143.9,146.2,24782255,36196.54,80105,10117598,40.83
12/31/2021,COALINDIA,146.2,145.95,147.55,145.35,146.05,5320232,7783.63,41807,1893948,35.6
1/3/2022,COALINDIA,146.05,147.25,155.95,147,155.3,29486720,45044.13,151574,9408958,31.91
1/4/2022,COALINDIA,155.3,156,156.65,152.35,153,13744440,21199.44,86509,3911650,28.46
1/5/2022,COALINDIA,153,153,154.3,152.1,153.7,8454060,12964.61,53430,3188575,37.72
1/6/2022,COALINDIA,153.7,154.5,155.25,153.05,154.65,12446900,19181.3,72781,4093656,32.89
1/7/2022,COALINDIA,154.65,155,157.45,154.95,156.95,11679683,18261.33,66686,4480304,38.36
1/10/2022,COALINDIA,156.95,157.8,161,157.05,160.7,14655298,23380.77,94733,7547495,51.5
1/11/2022,COALINDIA,160.7,160.65,160.65,158.1,158.55,7670386,12210.52,66645,3294011,42.94
1/12/2022,COALINDIA,158.55,160.4,160.75,158.5,159.35,6334581,10091.8,57057,3030861,47.85
1/13/2022,COALINDIA,159.35,159.35,166.45,159,164.75,20271714,33327.83,146191,5950630,29.35
1/14/2022,COALINDIA,164.75,164.75,166.15,163.25,164.75,10211720,16808.23,64614,4799951,47
1/17/2022,COALINDIA,164.75,165.6,166.1,162.05,163.7,8384625,13712.12,60224,3305054,39.42
1/18/2022,COALINDIA,163.7,164,165.5,160.3,160.8,6574122,10704.29,59226,2572207,39.13
1/19/2022,COALINDIA,160.8,161,164.85,160.8,163.9,11503199,18788.82,70869,4727681,41.1
1/20/2022,COALINDIA,163.9,164.5,168.25,163.85,165.05,17462235,29052.41,117311,5207756,29.82
1/21/2022,COALINDIA,165.05,163.3,163.3,157.5,158.75,14466758,23094.02,92840,5927295,40.97
1/24/2022,COALINDIA,158.75,158.2,160.4,154.8,156.3,10854431,17089.31,77911,3770380,34.74
1/25/2022,COALINDIA,156.3,155,161.6,154.3,161.15,7267866,11565.75,61864,2776862,38.21
1/27/2022,COALINDIA,161.15,158.9,161.3,158,160.55,9269062,14824.39,65555,4393587,47.4
1/28/2022,COALINDIA,160.55,160.6,165,160.6,161.65,10310726,16824.73,60063,4900402,47.53
1/31/2022,COALINDIA,161.65,163.4,163.4,159.15,159.8,5811200,9363.09,51570,2061412,35.47
2/1/2022,COALINDIA,159.8,162,163.45,158.6,163.05,7248713,11681.42,54077,2153487,29.71
2/2/2022,COALINDIA,163.05,163,164.6,162.25,163.85,5369074,8774.76,47969,1853276,34.52
